<?xml version="1.0" encoding="UTF-8"?>
<jcr:root xmlns:sling="http://sling.apache.org/jcr/sling/1.0" xmlns:dam="http://www.day.com/dam/1.0" xmlns:jcr="http://www.jcp.org/jcr/1.0" xmlns:nt="http://www.jcp.org/jcr/nt/1.0"
    jcr:primaryType="sling:OrderedFolder">
    <jcr:content
        dam:relativePath="audi/images_desktop/backgroundimages"
        jcr:primaryType="nt:unstructured">
        <folderThumbnail/>
    </jcr:content>
    <A1.jpg/>
    <A3_sportback.jpg/>
    <A3_cabriolet.jpg/>
    <A3_limousine.jpg/>
    <A3.jpg/>
    <A1_sportback.jpg/>
    <A3_sportback_Etron.jpg/>
    <A4_allroad_quattro.jpg/>
    <A4_avant.jpg/>
    <A4_limousine.jpg/>
    <A5_cabriolet.jpg/>
    <A5_coupe.jpg/>
    <A5_sportback.jpg/>
    <A6_allroad_quattro.jpg/>
    <A6_avant.jpg/>
    <A6_limousine.jpg/>
    <A7_sportback.jpg/>
    <A8.jpg/>
    <A8_L.jpg/>
    <A8_L_W12.jpg/>
    <Q2.jpg/>
    <Q3.jpg/>
    <Q5.jpg/>
    <Q7.jpg/>
    <Q7_e-tron_quattro.jpg/>
    <R8_coupe.jpg/>
    <R8_spyder.jpg/>
    <RS_6_avant.jpg/>
    <RS_6_performance.jpg/>
    <RS_7_sportback_performance.jpg/>
    <S3.jpg/>
    <RS_Q3.jpg/>
    <RS_Q3_performance.jpg/>
    <S1.jpg/>
    <S1_sportback.jpg/>
    <S4_avant.jpg/>
    <S4_limousine.jpg/>
    <S5_cabriolet.jpg/>
    <S8.jpg/>
    <S5_coupe.jpg/>
    <S5_sportback.jpg/>
    <S6_avant.jpg/>
    <S6_limousine.jpg/>
    <S7_sportback.jpg/>
    <S8_plus.jpg/>
    <SQ5_TDI.jpg/>
    <SQ7_TDI.jpg/>
    <TT_coupe.jpg/>
    <TT_roadster.jpg/>
    <TTS_coupe.jpg/>
    <TTS_roadster.jpg/>
</jcr:root>
