<?xml version="1.0" encoding="UTF-8"?>
<jcr:root xmlns:sling="http://sling.apache.org/jcr/sling/1.0" xmlns:jcr="http://www.jcp.org/jcr/1.0" xmlns:nt="http://www.jcp.org/jcr/nt/1.0"
    jcr:primaryType="sling:OrderedFolder">
    <jcr:content jcr:primaryType="nt:unstructured">
        <folderThumbnail/>
    </jcr:content>
    <a1_sel.png/>
    <A1.jpg/>
    <a1.png/>
    <a1sb.png/>
    <a1sb_sel.png/>
    <a3.png/>
    <a3_sel.png/>
    <A3_sportback.jpg/>
    <a3cab.png/>
    <a3cab_sel.png/>
    <a3sb.png/>
    <a3sb_sel.png/>
    <a3sbetron.png/>
    <a3sbetron_sel.png/>
    <a4avant.png/>
    <a4avant_sel.png/>
    <a4limo.png/>
    <a4limo_sel.png/>
    <A5_sportback.jpg/>
    <a5cab_sel.png/>
    <a5sb_sel.png/>
    <a6limo.png/>
    <a6limo_sel.png/>
    <a7sb.png/>
    <a7sb_sel.png/>
    <a8.png/>
    <a8_sel.png/>
    <a8l_sel.png/>
    <arrow-black.png/>
    <arrow-light-gray.png/>
    <audi_pin_active_retina.png/>
    <cars-small.png/>
    <map_pin_active.png/>
    <default.jpg/>
    <gebrauchtwagen_x0040_2x.png/>
    <haendlersuche.gif/>
    <q2.png/>
    <kontakt_und_hilfe_teaser.jpg/>
    <led_x0040_2x.jpg/>
    <menu-small.png/>
    <q2_sel.png/>
    <q3.png/>
    <quattro.jpg/>
    <q5.png/>
    <r8coupe_sel.png/>
    <q5_sel.png/>
    <r8spyder.png/>
    <r8spyder_sel.png/>
    <RS_7_sportback_performance.jpg/>
    <q7.png/>
    <q7_sel.png/>
    <quattro_x0040_2x.jpg/>
    <rs7sb_sel.png/>
    <rings.png/>
    <rs6avantper.png/>
    <rs7sb.png/>
    <s1sb_sel.png/>
    <s1_sel.png/>
    <s1.png/>
    <s3cab.png/>
    <s1sb.png/>
    <S1_sportback.jpg/>
    <s3.png/>
    <s5cab.png/>
    <s3cab_sel.png/>
    <s3sb_sel.png/>
    <S5_sportback.jpg/>
    <s7sb_sel.png/>
    <s5cab_sel.png/>
    <s5sb.png/>
    <s5sb_sel.png/>
    <s7sb.png/>
    <search-small.png/>
    <system-twitter-large.png/>
    <select_x0040_2x.jpg/>
    <teaser-youtube.jpg/>
    <sprite-tab-icons.svg/>
    <sport_x0040_2x.jpg/>
    <teaser-teile_x0040_2x.jpg/>
    <teaser-service_x0040_2x.jpg/>
    <ttroadster_sel.png/>
    <ttscoupe_sel.png/>
    <teaser-komfort_x0040_2x.jpg/>
    <ttcoupe.png/>
    <ttcoupe_sel.png/>
    <user-small.png/>
    <ttroadster.png/>
    <ttscoupe.png/>
    <ttsroadster_x0020__x0028_1_x0029_.png/>
    <ultra_x0040_2x.jpg/>
    <ttsroadster_sel.png/>
    <A1_sportback.jpg/>
    <A3.jpg/>
    <A3_cabriolet.jpg/>
    <A3_limosuine.jpg/>
    <a3limo.png/>
    <a3limo_sel.png/>
    <A4_allroad_quattro.jpg/>
    <A4_avant.jpg/>
    <A4_limousine.jpg/>
    <a5cab.png/>
    <a4quattro.png/>
    <a4quattro_sel.png/>
    <a5coupe_sel.png/>
    <a5sb.png/>
    <A5_cabriolet.jpg/>
    <A5_coupe.jpg/>
    <a5coupe.png/>
    <A6_avant.jpg/>
    <A6_allroad_quattro.jpg/>
    <A6_limosuine.jpg/>
    <a6avant.png/>
    <a6quattro.png/>
    <A7_sportback.jpg/>
    <a8l.png/>
    <A8.jpg/>
    <A8_L.jpg/>
    <A8_L_W12.jpg/>
    <AA3_Etron.jpg/>
    <map-dealer-mob.jpg/>
    <gebrauchtwagen.png/>
    <Q2.jpg/>
    <led.jpg/>
    <map-dealer-mob_x0040_2x.jpg/>
    <q3_sel.png/>
    <Q3.jpg/>
    <Q5.jpg/>
    <Q7.jpg/>
    <Q7_etron_quattro.jpg/>
    <r8coupe.png/>
    <R8_coupe.jpg/>
    <R8_spyder.jpg/>
    <RS_6_avant.jpg/>
    <RS_6_avant_performance.jpg/>
    <RS_Q3.jpg/>
    <rs6avantper_sel.png/>
    <RS_Q3_performance.jpg/>
    <rs6avant.png/>
    <S1.jpg/>
    <rs6avant_sel.png/>
    <S3.jpg/>
    <s3_sel.png/>
    <S3_sportback.jpg/>
    <s3limo_sel.png/>
    <S3_cabriolet.jpg/>
    <s3sb.png/>
    <S3_limousine.jpg/>
    <s4avant.png/>
    <s3limo.png/>
    <S4_avant.jpg/>
    <S4_limousine.jpg/>
    <s4avant_sel.png/>
    <s4limo.png/>
    <s4limo_sel.png/>
    <S5_cabriolet.jpg/>
    <S5_coupe.jpg/>
    <S6_avant.jpg/>
    <s5coupe.png/>
    <s5coupe_sel.png/>
    <S7_sportback.jpg/>
    <S6_limousine.jpg/>
    <s6avant.png/>
    <s6avant_sel.png/>
    <s6limo.png/>
    <s6limo_sel.png/>
    <S8.jpg/>
    <SQ7_TDI.jpg/>
    <SQ5_TDI.jpg/>
    <TT_roadster.jpg/>
    <teaser-youtube_x0040_2x.jpg/>
    <TT_coupe.jpg/>
    <TTS_coupe.jpg/>
    <TTS_roadster.jpg/>
    <ttsroadster.png/>
    <ultra.jpg/>
</jcr:root>
